sdallow0@dedecms.com,Shell,Dallow,030 Michigan Way,true,Greece,Néo Psychikó,11354,6592932764,dMAi1qRs
tbarbosa1@blogs.com,Theodore,Barbosa,590 Northfield Center,true,Sweden,Kävlinge,23382,9898827699,56dGeJk
tburgisi2@dailymail.co.uk,Tadd,Burgisi,41 Cordelia Court,false,Mexico,El Porvenir,10599,1269395329,uvDWRiDaO
jportlock3@soup.io,Jimmy,Portlock,6370 Northport Parkway,false,Canada,Waterloo,12951,7854046347,t4vTGu7ZEj
ahincham4@nytimes.com,Aime,Hincham,4306 Sachtjen Place,false,Peru,Tantamayo,13765,6697729404,hoaOUXhN6yLe
btappin5@nifty.com,Belia,Tappin,610 Dawn Center,true,Thailand,Ban Dan,18788,1788671047,VDgCAV3hN
bcounter6@scribd.com,Bruno,Counter,4395 Onsgard Terrace,false,Thailand,Khong Chai,5221,9916425917,YSW3qY
tbryde7@w3.org,Theresa,Bryde,30834 Waywood Trail,true,United States,Charlotte,19426,7045259166,NFNGZpuAsOm
ndedrick8@multiply.com,Newton,Dedrick,1894 Heffernan Road,false,Thailand,Kathu,6825,3184384987,Sgvi5HIS
rjoslyn9@acquirethisname.com,Ryann,Joslyn,738 Holy Cross Center,true,Poland,Dębno,24379,9776527102,fEdbbOxcAZ
jcroxforda@t.co,Jocelin,Croxford,8404 Nancy Parkway,true,Brazil,Cametá,12912,9607622381,xwTztp8v
afowleyb@miibeian.gov.cn,Allegra,Fowley,970 Fulton Plaza,true,Poland,Wierzchosławice,29642,8264523151,KwO2SYGOMZe3
qpackerc@hostgator.com,Quincey,Packer,2 Heffernan Hill,true,Thailand,Chon Daen,12940,4712398077,A9l51ZKH
mhemberyd@feedburner.com,Morrie,Hembery,2989 Ronald Regan Trail,true,Poland,Dziergowice,22493,4413318976,aYYMrNPrA
mcullinane@state.tx.us,Mickey,Cullinan,4 Scott Plaza,true,Greece,Kalamáta,18716,1065109365,I0NojwBabFYb
mhuettf@feedburner.com,Meagan,Huett,315 Novick Road,false,United States,Colorado Springs,1291,7193249411,cpuKcYHZ
mpentycostg@blogtalkradio.com,Mercie,Pentycost,36382 Veith Parkway,true,France,Saint-Brieuc,15792,8278171131,fmSlI7Z9dnbb
fqueenh@cbsnews.com,Federica,Queen,85 Merrick Point,false,Sweden,Falun,11134,4008345957,zc7bA85NbU3L
sreichelti@liveinternet.ru,Scarlett,Reichelt,082 Linden Circle,false,Ukraine,L'viv,2754,3393339196,yOLP2qV5a5nq
ktattersdillj@businessinsider.com,Keely,Tattersdill,388 Grayhawk Drive,false,United States,Camden,21110,8567553033,4Bh5Oh0qy
bcellierk@rediff.com,Beverley,Cellier,7 Northport Place,false,France,Villeneuve-la-Garenne,5750,9616895044,dtsAnkV9C
dselesnickl@unc.edu,De witt,Selesnick,14495 Forest Run Crossing,false,Brazil,Arcoverde,14384,7557900038,BDM7PNXdqP
cmeadsm@ehow.com,Conant,Meads,53 Bartillon Court,true,Brazil,Itapetinga,17020,7069158639,HIJYkYjnMWy
cgoldbournn@sbwire.com,Cooper,Goldbourn,0667 Northwestern Alley,false,France,Rouen,12896,4207796093,4gEcAk8asVAO
wbecariso@fc2.com,Walt,Becaris,18 Ilene Drive,true,Peru,Curibaya,21159,2697854047,AQBi3C6kwiAj
eperfilip@unblog.fr,Emelita,Perfili,1 Trailsway Parkway,true,France,Vélizy-Villacoublay,6087,4068933665,kZq4ah6D4I9
kstraineq@clickbank.net,Koenraad,Straine,711 Lawn Lane,false,France,Bondoufle,17122,6962427335,d32KkRunb2ER
ofearnr@deviantart.com,Orton,Fearn,05228 Harper Pass,true,United States,Albany,29530,5188418261,sKFH9zA9R4e
rluxs@foxnews.com,Rowland,Lux,2018 Morrow Place,false,Brazil,Armação,19022,9482795765,TipvWeY
trubegat@behance.net,Tobi,Rubega,0 Forest Run Trail,true,Mexico,San Francisco,29095,3293966261,GVS262Fh
rdakersu@flavors.me,Randie,Dakers,1745 Green Park,true,Ukraine,Chortkiv,16519,7679122830,OZG8dlEkkNa
kbrookesv@huffingtonpost.com,Kahaleel,Brookes,72 Warner Way,true,Thailand,Saba Yoi,1087,9365199266,clSiXviBm
myansonsw@mashable.com,Malorie,Yansons,106 Jay Trail,true,France,Laon,18588,2465049996,5QwcOjMi
nbroxtonx@tiny.cc,Norah,Broxton,2 Aberg Hill,true,United States,Amarillo,14886,4018344668,tpJYKWN9IYFy
bcaltony@w3.org,Bettine,Calton,27039 Twin Pines Alley,false,Brazil,Rio Real,10899,4564749788,NnFRR3ZbmezC
cbuesdenz@photobucket.com,Caitrin,Buesden,269 Di Loreto Place,false,Sweden,Umeå,20647,3431653908,3QcSwNob6i
nhacksby10@de.vu,Ned,Hacksby,5608 Farragut Crossing,false,Canada,Pasadena,2054,9918858148,l7giBsqawE1
dkaman11@hibu.com,Demetre,Kaman,1 Ramsey Terrace,true,Sweden,Båstad,25929,2643808414,U26NylaX1x
hamerici12@instagram.com,Herta,Americi,67594 Twin Pines Plaza,true,Brazil,Jardim,15343,9351959429,X9ftP2o3QOi
frydings13@dropbox.com,Feliza,Rydings,69142 Sheridan Plaza,true,Poland,Goworowo,3656,4594906877,5yzA2JaO
lboteman14@ameblo.jp,Levin,Boteman,97 Northport Road,true,France,Landivisiau,10285,7097694654,GcZCXUq8bru
kvalentin15@nature.com,Kerrill,Valentin,95 Tony Hill,false,Poland,Przybiernów,29387,4472270861,w4OshJ
bskentelbury16@bizjournals.com,Barrie,Skentelbury,9 Farwell Hill,true,Thailand,Nakhon Nayok,21984,1389037335,KY8Vmwtmv4U
bmanwaring17@wunderground.com,Baudoin,Manwaring,40459 Daystar Drive,true,France,Senlis,27061,8542142588,bnZTPvlb453M
lwallice18@com.com,Lorrayne,Wallice,1 Continental Trail,true,Thailand,Chum Phuang,12157,1673691962,tUnzRWYoQo7
whefforde19@army.mil,Waite,Hefforde,1 Lakewood Place,false,Brazil,Arari,22482,4954906734,5Vdvom9kOMJ
cyansons1a@buzzfeed.com,Carlee,Yansons,3 Dryden Trail,false,Brazil,Marechal Cândido Rondon,3039,9098783285,kTk5851A1LiU
lbertouloume1b@cbsnews.com,Lacey,Bertouloume,086 Sutteridge Pass,true,Greece,Agía Varvára,22913,7672295009,qPKJIueYT
rspellissy1c@usnews.com,Raddie,Spellissy,69 Jenna Hill,true,Sweden,Borås,26482,3044567972,GdK5tReM
tcordero1d@webeden.co.uk,Trudey,Cordero,82 8th Junction,true,Ukraine,Yizhivtsi,29837,8918648674,vIiNHVtrL
rclamp1e@google.ru,Rochell,Clamp,26296 Golf Park,false,Brazil,Timóteo,23463,4915784269,2bMa3grW
nkohen1f@last.fm,Ned,Kohen,3035 Dryden Street,false,Ukraine,Volodymyrets’,20364,1378003324,ajfYMi3U1P
bfermin1g@flavors.me,Beilul,Fermin,603 Orin Avenue,true,United States,Long Beach,23768,3233725044,uu8IhNzD2
afiridolfi1h@slashdot.org,Alana,Firidolfi,6292 Mallory Lane,true,Brazil,Iporá,10178,9693074708,4cHtdVDKad
cdanielot1i@joomla.org,Carma,Danielot,204 Northfield Point,false,Poland,Łapsze Niżne,19632,4422433894,eWvBGf6
bmillership1j@smh.com.au,Brana,Millership,6236 Golf View Trail,false,Thailand,Ban Huai Thalaeng,1889,3352091434,kxpah8oYD
dscherme1k@thetimes.co.uk,Danie,Scherme,4 Miller Lane,true,Sweden,Värnamo,6190,4237874495,yFxgFcNc
scritchell1l@kickstarter.com,Stevie,Critchell,46009 Sommers Point,true,Thailand,Satun,13829,6452489009,9KxlDQ5kvRHJ
anoddles1m@wp.com,Ashli,Noddles,4218 International Plaza,false,Brazil,Paraty,17872,9068818704,9UFNM2snjjo9
bhoofe1n@shutterfly.com,Brenda,Hoofe,975 Mariners Cove Place,true,Brazil,Cianorte,8784,8836955915,E1LfjzwFyyXd
ngertray1o@yandex.ru,Nedi,Gertray,89 Helena Hill,false,Poland,Miłakowo,26279,3473983971,eYVf978i0bX
bchidler1p@aol.com,Borg,Chidler,922 Melby Road,true,Poland,Żywiec,23455,3339905118,I0THWr
lgreystoke1q@liveinternet.ru,Leon,Greystoke,41 Independence Street,true,Sweden,Västerås,4890,3578583757,1inR2xF1ag
dmorrid1r@hibu.com,Dierdre,Morrid,8 Warner Park,false,Poland,Chrząstowice,21031,7604501298,7QqclIon
minder1s@deviantart.com,Mano,Inder,3645 Havey Avenue,true,Brazil,Birigui,7161,5442817423,HkRcjbGw
aailward1t@yahoo.com,Al,Ailward,05827 Dixon Drive,true,Sweden,Mölnlycke,5087,5381681204,NFVM6g6
amcpartling1u@imageshack.us,Abbey,McPartling,75 Cherokee Lane,false,Brazil,Cuiabá,28712,2294904374,qK4vHCYjmo4
hrentilll1v@independent.co.uk,Heindrick,Rentilll,2760 Westerfield Avenue,true,Poland,Chodów,23355,8317412111,LRNbw3d
kdunphie1w@irs.gov,Korrie,Dunphie,215 Transport Court,false,France,Évry,10148,8778284820,bfoODa
eseiter1x@weather.com,Eberto,Seiter,8 Killdeer Junction,true,Brazil,Ituiutaba,6610,6272489689,H0t9ol8
mlinch1y@noaa.gov,Melisenda,Linch,88 Service Center,true,Ukraine,Pustomyty,2744,2046971519,svgTzBSudZSX
jabade1z@tinypic.com,Joycelin,Abade,24062 Northview Circle,true,Brazil,Arapongas,27733,9848002902,X9zUPTQj1
bdradey20@unesco.org,Bartholomeus,Dradey,78846 Melrose Hill,true,Peru,Olleros,25931,1361291240,hcd82VqTfq
cfoddy21@histats.com,Coral,Foddy,47573 Leroy Road,true,Peru,Satipo,9435,3745121816,6tPmmSqvsVa
ebracegirdle22@unesco.org,Elinore,Bracegirdle,5 Vahlen Drive,false,Ukraine,Svitlovods’k,26771,2884257970,fJYlXbvELR8m
tbax23@theatlantic.com,Tommy,Bax,98 Bowman Point,true,United States,Bakersfield,5498,6619740448,SQhm2tAvQ
evanvelden24@intel.com,Ezmeralda,Van Velden,19 Parkside Park,true,Thailand,Bang Kho Laem,18106,5543670530,gh0cdwC
ybaxstar25@ucoz.ru,Yettie,Baxstar,5 Mayfield Circle,false,Peru,La Cuesta,15195,5115695526,Rb9RwlW8fB5
sanselmi26@abc.net.au,Sheff,Anselmi,6 Karstens Drive,true,Canada,L'Assomption,29740,5277677351,OvCh2VAeL
inuton27@alibaba.com,Iosep,Nuton,2252 Merry Crossing,true,Ukraine,Zalesnoye,4471,4311632673,CbhDfRXWa
fbenzie28@technorati.com,Florina,Benzie,81130 Springview Pass,true,Ukraine,Kolomak,29962,2699404345,bFC2yAlqAIC
agodard29@canalblog.com,Aile,Godard,1355 Gulseth Drive,true,Poland,Ostrzeszów,24104,1627680182,Br0mv5ZA
kberford2a@theatlantic.com,Krissie,Berford,97 Kedzie Circle,true,United States,Huntington,1605,3049944223,QvZwhyigOIPI
fbartlet2b@mediafire.com,Fidela,Bartlet,428 Moland Lane,true,Brazil,Imbituva,24243,7557088709,PbZVno
dcumberlidge2c@pinterest.com,Dev,Cumberlidge,5745 Iowa Avenue,true,Poland,Karsin,29116,8783876979,0C4hEGClAK25
tlipmann2d@cargocollective.com,Tandy,Lipmann,96 Delladonna Trail,false,Sweden,Helsingborg,4066,7291340454,lKOLUpp1HG
kschwier2e@cbslocal.com,Karyl,Schwier,93 Packers Point,false,Sweden,Norrtälje,16676,7382657226,inX2K1DlpSpY
ljost2f@4shared.com,Lynsey,Jost,2177 Gerald Center,false,Brazil,Parelhas,24775,1459224095,yzKQowY
ihubbocks2g@biglobe.ne.jp,Iormina,Hubbocks,79 Arkansas Plaza,false,Thailand,Det Udom,4743,6789365866,OOukYnENmgO0
mkrochmann2h@printfriendly.com,Maybelle,Krochmann,893 Cascade Avenue,true,Sweden,Varberg,8015,8006541332,Fw0nuihcOn
rkingwell2i@google.nl,Randell,Kingwell,895 Shopko Drive,false,United States,Sacramento,7503,9162610027,SXCnHYk5
wgrundy2j@sciencedaily.com,Wittie,Grundy,326 Eagan Drive,true,Sweden,Ånge,1994,4751884184,K25BKBe
pthirtle2k@g.co,Phebe,Thirtle,27099 Bowman Court,true,France,Avignon,29218,3512658355,XdZ9VC4z4
blombard2l@t-online.de,Barnie,Lombard,9 Golf View Parkway,true,Greece,Ágios Stéfanos,22044,2885138616,HIcaEiQ9MW
ltembridge2m@xinhuanet.com,Lynette,Tembridge,659 Lakewood Gardens Pass,true,Brazil,Caldas Novas,23148,9565441299,VHE2zC9sJ7h
opahler2n@slate.com,Orton,Pahler,89 John Wall Street,true,United States,Houston,26880,7138142009,pd5flhdjG
dscreaton2o@photobucket.com,Dulce,Screaton,7 Rieder Avenue,true,Sweden,Bjuv,22439,7064997067,GpRzU5IIiv
wbrazelton2p@usa.gov,Wernher,Brazelton,348 Monica Terrace,true,Greece,Lárdos,20632,6175733378,LUIKquINO
tbeinke2q@seesaa.net,Trudey,Beinke,0355 Hintze Crossing,true,Peru,San Antonio,25439,8952215277,dHejQohKZ
jhuebner2r@answers.com,Josh,Huebner,34272 Transport Center,false,Poland,Damnica,9450,8978716968,hmETSe3r
